university_id,employer reputation rank,employer reputation score
1,50,91.4
2,501,3.7
3,501,3.3
4,446,20.6
5,197,47.2
6,501,6.1
7,501,3.4
8,46,92.2
9,501,1.3
10,501,12.1
11,180,49.1
12,501,4.7
13,467,19.8
14,278,35.3
15,284,34.3
16,437,21.2
17,129,60.5
18,451,20.4
19,115,64.9
20,501,12.3
21,53,91.1
22,501,8.6
23,501,1.7
24,501,7.9
25,501,2.0
26,501,7.2
27,63,84.3
28,501,8.0
29,501,4.1
30,501,6.4
31,111,65.9
32,269,36.0
33,501,16.3
34,3,100.0
35,291,33.5
36,501,15.7
37,490,18.5
38,127,60.7
39,65,83.8
40,501,10.3
41,501,5.6
42,501,3.7
43,44,92.6
44,453,20.3
45,322,30.3
46,501,17.1
47,501,9.0
48,501,15.0
49,501,1.9
50,60,85.8
51,34,94.9
52,487,18.6
53,393,24.3
54,501,5.3
55,501,3.4
56,501,13.9
57,79,76.9
58,224,41.8
59,28,96.5
60,331,29.3
61,501,1.7
62,501,7.2
63,394,24.3
64,64,84.1
65,176,49.7
66,501,2.1
67,417,22.6
68,405,23.6
69,324,30.1
70,14,98.9
71,501,11.5
72,153,54.3
73,501,12.9
74,501,3.2
75,501,2.5
76,501,17.7
77,501,3.7
78,90,72.7
79,501,2.8
80,501,14.8
81,501,2.5
82,501,5.4
83,501,11.0
84,370,25.8
85,341,28.2
86,125,60.9
87,501,5.0
88,501,14.5
89,320,30.5
90,501,11.2
91,501,16.8
92,315,31.3
93,501,5.5
94,303,32.1
95,501,10.2
96,193,47.6
97,426,22.2
98,501,15.9
99,501,1.6
100,501,7.0
101,10,99.7
102,501,6.5
103,302,32.1
104,501,7.1
105,501,16.3
106,501,4.0
107,501,2.5
108,37,94.0
109,501,15.2
110,501,2.1
111,501,6.1
112,501,5.6
113,484,18.8
114,501,10.2
115,246,38.1
116,501,11.5
117,118,63.2
118,501,3.9
119,155,53.5
120,501,6.8
121,73,79.1
122,481,19.1
123,501,14.5
124,501,14.5
125,501,4.6
126,485,18.7
127,501,2.0
128,264,36.4
129,314,31.5
130,217,44.1
131,119,62.9
132,210,44.7
133,128,60.7
134,501,6.5
135,411,23.4
136,237,39.2
137,501,3.1
138,501,2.9
139,175,49.9
140,501,6.0
141,318,30.7
142,501,4.8
143,501,3.0
144,108,66.6
145,414,23.1
146,501,3.5
147,493,18.4
148,501,4.1
149,501,5.3
150,227,41.2
151,501,6.6
152,172,50.1
153,501,13.8
154,501,11.8
155,483,18.8
156,238,39.2
157,207,45.8
158,501,2.9
159,501,9.8
160,328,29.4
161,234,40.0
162,501,2.8
163,396,24.2
164,501,10.3
165,231,40.3
166,501,5.6
167,348,27.5
168,501,8.5
169,441,21.0
170,16,98.6
171,157,52.7
172,381,25.2
173,501,3.9
174,501,17.8
175,2,100.0
176,501,16.9
177,501,6.3
178,30,95.4
179,139,57.2
180,501,9.9
181,351,27.4
182,501,7.9
183,501,6.2
184,501,15.3
185,501,6.4
186,501,11.1
187,173,50.1
188,501,9.1
189,501,4.4
190,202,47.0
191,501,4.0
192,501,8.0
193,501,10.6
194,22,97.7
195,62,85.2
196,501,2.5
197,501,6.8
198,150,55.1
199,179,49.3
200,501,5.0
201,501,15.8
202,18,98.3
203,501,11.2
204,501,6.5
205,501,1.4
206,501,4.1
207,133,58.5
208,501,5.5
209,501,17.0
210,501,4.8
211,397,24.2
212,273,35.7
213,501,13.3
214,99,69.0
215,501,14.2
216,6,100.0
217,501,8.4
218,501,5.3
219,501,2.2
220,159,52.1
221,501,9.6
222,501,2.5
223,116,63.8
224,501,17.0
225,422,22.4
226,501,14.2
227,501,15.1
228,501,9.8
229,195,47.4
230,501,7.8
231,501,2.1
232,501,6.8
233,501,3.4
234,377,25.5
235,501,9.8
236,501,6.1
237,120,62.4
238,501,10.7
239,23,97.7
240,501,2.3
241,424,22.2
242,501,3.8
243,501,9.9
244,325,30.0
245,270,35.9
246,420,22.4
247,501,4.1
248,501,5.8
249,13,99.0
250,501,5.6
251,308,31.9
252,501,1.7
253,163,50.9
254,410,23.4
255,501,12.5
256,258,37.0
257,334,29.0
258,67,82.4
259,206,46.2
260,501,12.1
261,501,4.4
262,390,24.5
263,501,4.6
264,501,4.7
265,107,67.6
266,71,79.8
267,501,7.0
268,464,19.8
269,311,31.7
270,501,8.4
271,501,9.2
272,501,17.0
273,407,23.5
274,301,32.4
275,501,11.9
276,473,19.5
277,501,11.1
278,501,14.7
279,501,5.6
280,492,18.4
281,501,2.5
282,56,89.2
283,88,73.1
284,440,21.0
285,66,83.2
286,91,71.9
287,501,13.5
288,501,6.0
289,349,27.5
290,501,4.1
291,33,95.0
292,501,2.8
293,379,25.3
294,501,1.6
295,501,1.6
296,306,31.9
297,221,42.9
298,501,14.3
299,313,31.6
300,501,13.3
301,104,67.7
302,271,35.9
303,160,52.0
304,57,88.7
305,39,93.6
306,501,16.6
307,501,5.2
308,501,17.8
309,4,100.0
310,501,11.3
311,465,19.8
312,501,8.4
313,218,43.3
314,501,5.0
315,501,10.8
316,343,28.1
317,501,9.8
318,501,1.3
319,501,10.9
320,501,17.0
321,501,8.4
322,501,9.1
323,501,6.6
324,501,9.2
325,117,63.3
326,501,6.8
327,137,58.1
328,501,13.2
329,501,4.3
330,501,4.8
331,501,7.2
332,501,10.0
333,501,9.8
334,267,36.2
335,501,5.1
336,213,44.6
337,501,3.3
338,501,6.5
339,501,7.5
340,460,20.1
341,501,2.6
342,501,6.3
343,42,93.4
344,52,91.3
345,501,8.7
346,337,28.8
347,501,11.0
348,40,93.5
349,501,4.0
350,501,7.1
351,501,16.1
352,130,59.2
353,239,39.0
354,501,5.0
355,312,31.6
356,501,3.5
357,501,6.0
358,501,2.9
359,501,4.6
360,501,9.4
361,225,41.7
362,146,55.5
363,501,4.3
364,391,24.4
365,501,3.4
366,169,50.3
367,501,3.1
368,501,11.1
369,501,2.1
370,501,5.4
371,92,71.9
372,477,19.2
373,233,40.2
374,501,15.7
375,501,9.9
376,501,5.3
377,109,66.4
378,501,14.4
379,501,7.3
380,501,4.8
381,501,8.5
382,501,5.9
383,5,100.0
384,226,41.4
385,378,25.4
386,256,37.1
387,501,17.1
388,501,4.2
389,501,2.6
390,501,9.8
391,254,37.5
392,476,19.3
393,102,68.9
394,26,96.8
395,501,12.6
396,501,3.5
397,501,1.3
398,501,2.0
399,501,7.6
400,501,7.5
401,316,31.3
402,501,10.7
403,501,6.4
404,27,96.5
405,501,3.0
406,161,51.4
407,501,6.6
408,501,2.7
409,58,87.1
410,350,27.4
411,501,10.2
412,20,98.1
413,501,12.4
414,496,18.1
415,501,11.2
416,501,2.2
417,445,20.6
418,327,29.6
419,501,9.1
420,501,2.8
421,501,6.0
422,501,9.3
423,501,2.2
424,294,33.1
425,501,3.5
426,323,30.1
427,501,13.0
428,354,27.2
429,501,7.6
430,501,4.3
431,501,11.8
432,229,40.5
433,31,95.3
434,501,5.0
435,501,8.5
436,384,24.9
437,501,15.9
438,501,11.7
439,282,34.3
440,501,8.9
441,59,86.5
442,499,17.9
443,356,27.0
444,77,77.0
445,501,3.6
446,501,3.4
447,501,15.7
448,89,72.8
449,142,56.1
450,501,8.1
451,501,4.6
452,501,3.6
453,501,5.0
454,170,50.2
455,456,20.2
456,501,16.4
457,431,21.6
458,287,34.1
459,501,13.1
460,96,69.9
461,166,50.7
462,243,38.6
463,501,8.9
464,230,40.3
465,501,2.3
466,436,21.2
467,501,3.3
468,501,3.5
469,110,66.1
470,131,59.1
471,421,22.4
472,272,35.8
473,340,28.3
474,204,46.8
475,75,78.1
476,501,13.2
477,149,55.1
478,501,6.0
479,250,37.8
480,9,99.7
481,265,36.3
482,501,4.9
483,501,13.7
484,501,1.4
485,332,29.2
486,295,33.0
487,245,38.4
488,404,23.8
489,290,33.7
490,501,5.9
491,501,7.3
492,463,20.0
493,501,3.6
494,501,2.3
495,501,6.9
496,501,11.1
497,501,4.7
498,501,10.2
499,501,5.0
500,501,13.1
501,113,65.0
502,501,15.3
503,501,7.0
504,501,13.1
505,283,34.3
506,501,6.3
507,501,5.3
508,501,4.5
509,501,1.8
510,501,2.7
511,55,89.3
512,141,56.6
513,147,55.3
514,501,3.5
515,501,5.8
516,501,16.0
517,501,7.4
518,501,15.4
519,317,31.0
520,501,16.7
521,357,26.8
522,501,1.8
523,501,16.1
524,459,20.1
525,298,32.7
526,361,26.6
527,501,1.4
528,335,28.9
529,501,13.0
530,212,44.6
531,367,26.1
532,38,93.9
533,501,15.0
534,380,25.2
535,501,4.5
536,383,25.0
537,184,48.4
538,501,16.1
539,43,92.8
540,49,91.7
541,501,15.9
542,501,3.2
543,501,2.0
544,154,54.2
545,501,14.9
546,54,90.2
547,432,21.5
548,167,50.5
549,501,5.9
550,501,11.4
551,501,9.9
552,501,8.6
553,501,4.7
554,402,23.9
555,268,36.1
556,101,69.0
557,237,39.6
558,501,11.0
559,41,93.4
560,220,43.0
561,501,3.4
562,501,9.1
563,501,3.2
564,501,5.0
565,501,7.4
566,501,2.3
567,501,6.4
568,458,20.2
569,198,47.2
570,364,26.2
571,72,79.2
572,501,6.7
573,299,32.6
574,501,9.9
575,501,12.3
576,501,10.3
577,501,8.6
578,501,2.7
579,501,10.4
580,442,20.9
581,501,3.4
582,501,12.1
583,360,26.7
584,501,6.6
585,501,4.5
586,501,13.9
587,501,2.5
588,501,5.2
589,35,94.9
590,61,85.4
591,501,2.6
592,501,16.9
593,501,16.7
594,261,36.6
595,232,40.2
596,501,14.6
597,501,3.8
598,501,6.3
599,501,10.0
600,501,6.2
601,205,46.3
602,501,8.9
603,216,44.2
604,501,5.3
605,376,25.6
606,501,15.2
607,501,6.9
608,501,2.0
609,329,29.4
610,501,7.2
611,401,23.9
612,501,4.3
613,455,20.2
614,501,10.3
615,501,4.3
616,164,50.9
617,501,8.9
618,429,22.1
619,501,8.5
620,122,62.0
621,344,28.1
622,297,32.7
623,469,19.7
624,482,19.1
625,501,6.0
626,501,15.3
627,266,36.3
628,501,15.5
629,501,2.2
630,501,16.9
631,148,55.3
632,501,3.3
633,501,6.2
634,501,7.5
635,501,6.6
636,501,2.3
637,501,1.7
638,501,6.5
639,501,3.4
640,501,2.0
641,275,35.6
642,501,2.9
643,369,25.9
644,501,2.1
645,501,8.6
646,100,69.0
647,501,17.6
648,187,48.2
649,15,98.9
650,86,74.7
651,501,3.7
652,501,2.1
653,219,43.1
654,501,3.8
655,336,28.9
656,501,4.2
657,501,10.0
658,501,7.0
659,501,4.6
660,501,2.1
661,93,71.8
662,501,2.1
663,501,7.9
664,501,12.6
665,144,55.6
666,296,32.8
667,501,13.7
668,501,14.7
669,182,48.9
670,501,3.2
671,501,3.9
672,501,3.9
673,489,18.6
674,501,16.6
675,450,20.4
676,199,47.1
677,501,6.0
678,501,4.2
679,501,2.1
680,433,21.5
681,196,47.3
682,475,19.3
683,501,5.9
684,501,4.1
685,392,24.4
686,427,22.2
687,501,5.5
688,501,14.5
689,501,4.3
690,501,2.0
691,241,38.8
692,439,21.0
693,501,4.4
694,501,9.4
695,29,95.5
696,501,11.6
697,8,99.9
698,304,32.1
699,501,12.0
700,501,10.4
701,498,18.0
702,501,1.8
703,501,3.5
704,501,5.2
705,140,56.6
706,501,3.2
707,501,4.3
708,248,38.0
709,501,4.5
710,470,19.7
711,501,4.5
712,501,14.6
713,501,8.2
714,501,7.8
715,501,4.6
716,501,8.8
717,260,36.7
718,25,97.0
719,358,26.8
720,501,2.5
721,479,19.2
722,501,2.4
723,501,12.6
724,98,69.4
725,190,47.7
726,1,100.0
727,162,51.0
728,501,11.3
729,501,9.9
730,501,2.3
731,501,4.4
732,501,13.0
733,501,7.4
734,501,11.0
735,501,3.2
736,494,18.3
737,501,4.9
738,501,10.7
739,501,8.8
740,419,22.5
741,501,15.2
742,200,47.1
743,209,44.9
744,501,2.3
745,501,9.5
746,501,1.8
747,211,44.7
748,501,3.2
749,501,15.0
750,501,4.0
751,501,13.8
752,474,19.4
753,188,48.1
754,501,6.6
755,501,3.0
756,181,48.9
757,501,4.3
758,501,13.7
759,228,40.7
760,501,10.5
761,501,10.3
762,143,55.9
763,501,15.9
764,501,10.6
765,339,28.5
766,501,15.0
767,472,19.6
768,501,2.7
769,121,62.2
770,501,2.5
771,106,67.6
772,501,2.1
773,501,6.2
774,501,8.0
775,501,17.4
776,395,24.3
777,501,10.8
778,418,22.6
779,501,7.8
780,501,6.3
781,501,12.1
782,501,4.8
783,501,3.9
784,293,33.2
785,501,12.1
786,138,57.4
787,501,5.1
788,501,2.5
789,374,25.7
790,214,44.5
791,501,1.8
792,501,11.8
793,223,42.3
794,491,18.5
795,292,33.2
796,501,11.8
797,501,8.9
798,288,34.0
799,19,98.1
800,501,17.7
801,385,24.9
802,435,21.2
803,501,1.5
804,501,3.3
805,259,36.8
806,501,16.9
807,501,2.4
808,501,17.4
809,307,31.9
810,501,10.2
811,501,3.0
812,501,8.3
813,69,80.2
814,12,99.2
815,501,2.6
816,501,5.3
817,151,54.9
818,286,34.1
819,501,3.4
820,409,23.4
821,501,4.6
822,415,23.0
823,280,34.9
824,501,1.5
825,501,6.2
826,501,8.8
827,353,27.2
828,501,7.1
829,126,60.9
830,21,97.8
831,177,49.6
832,501,14.0
833,257,37.0
834,501,8.4
835,471,19.6
836,501,9.3
837,486,18.7
838,501,3.7
839,501,12.5
840,501,6.4
841,501,7.2
842,501,13.7
843,338,28.6
844,501,9.6
845,123,61.6
846,501,2.4
847,330,29.3
848,501,6.8
849,406,23.6
850,501,14.6
851,501,2.4
852,281,34.5
853,501,5.4
854,501,3.0
855,501,5.6
856,434,21.5
857,501,8.7
858,501,5.0
859,501,4.2
860,501,14.9
861,501,1.0
862,412,23.3
863,368,26.0
864,112,65.0
865,501,8.9
866,386,24.7
867,501,3.1
868,501,2.3
869,135,58.2
870,501,3.6
871,501,6.8
872,501,6.3
873,347,27.6
874,185,48.3
875,501,5.0
876,501,15.6
877,501,17.4
878,501,11.5
879,501,1.9
880,452,20.3
881,501,5.1
882,501,3.7
883,501,5.7
884,389,24.6
885,191,47.7
886,372,25.8
887,501,4.2
888,399,24.0
889,501,14.2
890,501,2.0
891,501,2.4
892,501,3.7
893,262,36.6
894,501,3.9
895,501,6.5
896,400,23.9
897,501,8.8
898,501,7.5
899,78,77.0
900,501,3.3
901,443,20.8
902,82,75.7
903,501,4.4
904,501,9.4
905,448,20.5
906,457,20.2
907,501,2.2
908,17,98.3
909,428,22.1
910,171,50.2
911,501,5.0
912,501,2.3
913,501,9.5
914,501,7.1
915,501,12.6
916,501,10.2
917,501,9.9
918,501,7.1
919,274,35.7
920,501,15.9
921,289,33.9
922,158,52.6
923,501,17.2
924,501,6.9
925,326,29.8
926,83,75.6
927,501,16.4
928,501,5.6
929,501,9.9
930,94,70.7
931,501,13.5
932,152,54.3
933,501,3.8
934,501,7.0
935,252,37.6
936,501,7.6
937,501,3.4
938,501,12.4
939,501,4.8
940,501,16.8
941,501,1.6
942,501,17.7
943,438,21.1
944,501,12.6
945,251,37.7
946,305,32.1
947,501,8.1
948,355,27.1
949,501,2.8
950,263,36.6
951,501,3.0
952,80,76.8
953,501,14.8
954,501,2.9
955,403,23.8
956,333,29.1
957,501,17.1
958,352,27.2
959,501,17.7
960,501,7.6
961,501,3.2
962,501,1.1
963,208,45.7
964,430,21.7
965,501,10.2
966,501,7.1
967,501,17.7
968,285,34.2
969,346,27.7
970,240,38.9
971,309,31.8
972,416,22.9
973,501,3.0
974,192,47.6
975,425,22.2
976,165,50.7
977,497,18.1
978,501,7.7
979,81,76.1
980,501,5.1
981,501,5.3
982,501,3.4
983,501,1.6
984,388,24.6
985,68,80.8
986,501,8.9
987,501,9.6
988,501,2.6
989,501,7.6
990,215,44.5
991,371,25.8
992,501,6.7
993,134,58.3
994,501,14.3
995,76,77.6
996,70,80.0
997,501,9.4
998,501,12.9
999,501,14.7
1000,501,3.1
1001,501,8.1
1002,103,68.6
1003,501,3.2
1004,501,7.2
1005,501,12.8
1006,222,42.7
1007,501,17.5
1008,132,58.5
1009,501,12.4
1010,501,6.7
1011,501,3.2
1012,501,3.1
1013,276,35.6
1014,365,26.1
1015,501,3.5
1016,105,67.7
1017,462,20.1
1018,501,10.4
1019,501,9.9
1020,501,3.4
1021,373,25.7
1022,501,2.6
1023,501,5.0
1024,501,3.8
1025,501,2.6
1026,114,64.9
1027,501,8.2
1028,501,13.6
1029,478,19.2
1030,501,7.7
1031,501,2.1
1032,501,3.3
1033,345,28.1
1034,136,58.2
1035,501,3.1
1036,244,38.6
1037,47,92.0
1038,501,11.4
1039,501,4.5
1040,45,92.5
1041,501,4.6
1042,501,2.1
1043,501,2.5
1044,501,4.6
1045,501,3.9
1046,447,20.5
1047,51,91.3
1048,501,11.0
1049,501,3.5
1050,501,8.0
1051,186,48.3
1052,321,30.4
1053,501,8.6
1054,501,15.2
1055,501,6.2
1056,501,5.3
1057,501,2.2
1058,235,39.9
1059,501,8.9
1060,201,47.0
1061,501,16.9
1062,501,2.1
1063,501,5.0
1064,300,32.5
1065,501,16.0
1066,359,26.7
1067,501,8.2
1068,501,6.0
1069,501,5.0
1070,501,9.8
1071,279,35.2
1072,375,25.6
1073,183,48.6
1074,203,46.9
1075,501,11.9
1076,32,95.1
1077,501,13.1
1078,194,47.4
1079,501,7.5
1080,501,10.1
1081,495,18.1
1082,501,2.3
1083,501,2.2
1084,247,38.0
1085,249,37.8
1086,501,12.7
1087,24,97.2
1088,236,39.7
1089,501,16.3
1090,501,3.7
1091,501,16.8
1092,156,53.0
1093,501,12.9
1094,85,75.1
1095,501,10.5
1096,501,12.5
1097,501,4.6
1098,413,23.2
1099,189,47.8
1100,366,26.1
1101,501,1.8
1102,449,20.5
1103,178,49.4
1104,168,50.4
1105,501,10.4
1106,501,2.8
1107,501,12.9
1108,124,61.4
1109,242,38.8
1110,501,7.0
1111,501,11.7
1112,382,25.0
1113,501,3.4
1114,501,9.7
1115,501,11.8
1116,398,24.2
1117,501,15.4
1118,74,78.4
1119,501,10.8
1120,363,26.3
1121,501,10.7
1122,97,69.8
1123,95,70.1
1124,362,26.6
1125,501,12.4
1126,461,20.1
1127,342,28.1
1128,277,35.5
1129,7,100.0
1130,488,18.6
1131,501,6.4
1132,501,9.2
1133,145,55.5
1134,501,4.2
1135,501,14.9
1136,501,10.9
1137,501,1.7
1138,48,91.9
1139,319,30.7
1140,174,50.1
1141,501,7.8
1142,501,7.5
1143,501,7.5
1144,84,75.3
1145,501,7.3
1146,501,11.9
1147,501,2.3
